date,sales,holiday,past_sales,previous_year_sales,season
01-01-2021,92.72,1,86.44,79.16,0
02-01-2021,90.7,0,92.72,87.13,0
03-01-2021,91.66,0,90.7,96,0
04-01-2021,83.07,0,91.66,78.55,0
05-01-2021,91.17,0,83.07,78.67,0
06-01-2021,96.03,0,91.17,96.94,0
07-01-2021,105.69,0,96.03,88.95,0
08-01-2021,100.91,0,105.69,76.73,0
09-01-2021,112.99,0,100.91,87,0
10-01-2021,83.93,0,112.99,77.09,0
11-01-2021,100.48,0,83.93,77.22,0
12-01-2021,93.75,0,100.48,84.47,0
13-01-2021,113.98,0,93.75,63.08,0
14-01-2021,84.17,0,113.98,65.14,0
15-01-2021,84.03,0,84.17,76.95,0
16-01-2021,86.61,0,84.03,72.63,0
17-01-2021,71.55,0,86.61,86.09,0
18-01-2021,87.72,0,71.55,74.06,0
19-01-2021,85.59,0,87.72,69.22,0
20-01-2021,94.88,0,85.59,98.21,0
21-01-2021,97,0,94.88,81.51,0
22-01-2021,112.56,0,97,84.65,0
23-01-2021,103.52,0,112.56,69.95,0
24-01-2021,88.46,0,103.52,78.98,0
25-01-2021,85.48,0,88.46,85.77,0
26-01-2021,99.61,0,85.48,73.38,0
27-01-2021,81.72,0,99.61,88.89,0
28-01-2021,113.48,0,81.72,79.37,0
29-01-2021,107.21,0,113.48,82.71,0
30-01-2021,90.97,0,107.21,79.87,0
31-01-2021,78.78,0,90.97,104.66,0
01-02-2021,109.71,0,78.78,86.27,0
02-02-2021,95.29,0,109.71,76.09,0
03-02-2021,109.08,0,95.29,95.17,0
04-02-2021,81.03,0,109.08,75.01,0
05-02-2021,91.26,0,81.03,89.59,0
06-02-2021,97.58,0,91.26,68.18,0
07-02-2021,98.28,0,97.58,74.79,0
08-02-2021,93.6,0,98.28,90.33,0
09-02-2021,104.62,0,93.6,96.04,0
10-02-2021,88.01,0,104.62,90.67,0
11-02-2021,97.56,0,88.01,88.1,0
12-02-2021,100.49,0,97.56,86.55,0
13-02-2021,104.74,0,100.49,75.09,0
14-02-2021,107.02,0,104.74,82.99,0
15-02-2021,88.97,0,107.02,85.89,0
16-02-2021,85.19,0,88.97,101.39,0
17-02-2021,113.63,0,85.19,94.58,0
18-02-2021,104.5,0,113.63,73.84,0
19-02-2021,94.02,0,104.5,95.04,0
20-02-2021,117.34,0,94.02,88.28,0
21-02-2021,103.32,0,117.34,85.69,0
22-02-2021,114.29,0,103.32,98.91,0
23-02-2021,103.51,0,114.29,103.45,0
24-02-2021,123.78,0,103.51,102.79,0
25-02-2021,121.06,0,123.78,85.43,0
26-02-2021,101.37,0,121.06,91.08,0
27-02-2021,113.92,0,101.37,97.83,0
28-02-2021,111,0,113.92,104.62,0
01-03-2021,118.59,0,111,90.43,1
02-03-2021,95.6,0,118.59,93.72,1
03-03-2021,112.47,0,95.6,84.87,1
04-03-2021,116.55,0,112.47,84.33,1
05-03-2021,88.73,0,116.55,104.77,1
06-03-2021,94.85,0,88.73,110.57,1
07-03-2021,86.65,0,94.85,96.65,1
08-03-2021,104.71,0,86.65,107.77,1
09-03-2021,114.94,0,104.71,101.72,1
10-03-2021,123.16,0,114.94,92.01,1
11-03-2021,109.24,0,123.16,102.45,1
12-03-2021,125.15,0,109.24,114.58,1
13-03-2021,95.43,0,125.15,99.21,1
14-03-2021,92.57,0,95.43,115.59,1
15-03-2021,109.42,0,92.57,74.11,1
16-03-2021,114.18,0,109.42,108.9,1
17-03-2021,110.39,0,114.18,101.92,1
18-03-2021,90.41,0,110.39,98.43,1
19-03-2021,110.56,0,90.41,102.71,1
20-03-2021,98.78,0,110.56,82.29,1
21-03-2021,118.9,0,98.78,100.34,1
22-03-2021,116.24,0,118.9,106.48,1
23-03-2021,103.54,0,116.24,118.06,1
24-03-2021,108.17,0,103.54,98.47,1
25-03-2021,103.09,0,108.17,95.94,1
26-03-2021,113.43,0,103.09,99.37,1
27-03-2021,123.98,0,113.43,113.92,1
28-03-2021,104.94,0,123.98,108.42,1
29-03-2021,120.2,0,104.94,100.2,1
30-03-2021,110.23,0,120.2,111,1
31-03-2021,107.97,0,110.23,107.2,1
01-04-2021,115.19,0,107.97,116.28,1
02-04-2021,106.28,0,115.19,99.94,1
03-04-2021,111.46,0,106.28,104.05,1
04-04-2021,105.38,1,111.46,103.76,1
05-04-2021,137.36,0,105.38,93.41,1
06-04-2021,118.43,0,137.36,111.36,1
07-04-2021,111.44,0,118.43,111.37,1
08-04-2021,120.93,0,111.44,109.16,1
09-04-2021,118.02,0,120.93,107.12,1
10-04-2021,117.29,0,118.02,95.66,1
11-04-2021,125.99,0,117.29,105.96,1
12-04-2021,127.77,0,125.99,107.08,1
13-04-2021,115.24,0,127.77,102.83,1
14-04-2021,115.13,0,115.24,109.58,1
15-04-2021,118.48,0,115.13,115.57,1
16-04-2021,98.55,0,118.48,130.73,1
17-04-2021,106.75,0,98.55,113.95,1
18-04-2021,135.91,0,106.75,115.11,1
19-04-2021,139.02,0,135.91,112.12,1
20-04-2021,120.41,0,139.02,94,1
21-04-2021,128.99,0,120.41,113.25,1
22-04-2021,126.66,0,128.99,114.43,1
23-04-2021,154.65,0,126.66,138.78,1
24-04-2021,135.37,0,154.65,112.54,1
25-04-2021,123.21,0,135.37,117.78,1
26-04-2021,115.25,0,123.21,114.73,1
27-04-2021,109.04,0,115.25,103.69,1
28-04-2021,127.44,0,109.04,127.1,1
29-04-2021,118.14,0,127.44,123.49,1
30-04-2021,111.78,0,118.14,124.17,1
01-05-2021,119.83,0,111.78,107.46,1
02-05-2021,115.77,0,119.83,130.86,1
03-05-2021,143.74,0,115.77,103.09,1
04-05-2021,135.96,0,143.74,123.26,1
05-05-2021,127.34,0,135.96,139.56,1
06-05-2021,142.49,0,127.34,108.02,1
07-05-2021,128.73,0,142.49,112.53,1
08-05-2021,119.61,0,128.73,119.44,1
09-05-2021,143.71,0,119.61,113.67,1
10-05-2021,134.12,0,143.71,103.45,1
11-05-2021,118.61,0,134.12,119.88,1
12-05-2021,127.33,0,118.61,108.81,1
13-05-2021,120.71,0,127.33,124.41,1
14-05-2021,115.88,0,120.71,110.71,1
15-05-2021,139.2,0,115.88,135.63,1
16-05-2021,149.26,0,139.2,112.52,1
17-05-2021,116.4,0,149.26,117.35,1
18-05-2021,136.23,0,116.4,128.91,1
19-05-2021,124.31,0,136.23,108.68,1
20-05-2021,126.15,0,124.31,123.46,1
21-05-2021,125.3,0,126.15,134.45,1
22-05-2021,122.78,0,125.3,105.5,1
23-05-2021,132.09,0,122.78,123.61,1
24-05-2021,123.48,0,132.09,124.54,1
25-05-2021,134.68,0,123.48,129.93,1
26-05-2021,131.65,0,134.68,109.92,1
27-05-2021,129.93,0,131.65,109.24,1
28-05-2021,123.41,0,129.93,127.83,1
29-05-2021,126.87,0,123.41,125.73,1
30-05-2021,140.35,0,126.87,125.41,1
31-05-2021,137.95,0,140.35,126.52,1
01-06-2021,123.31,0,137.95,116.39,2
02-06-2021,134.21,0,123.31,125.64,2
03-06-2021,140.87,0,134.21,126.37,2
04-06-2021,116.78,0,140.87,116.42,2
05-06-2021,139.03,0,116.78,142.34,2
06-06-2021,127.08,0,139.03,128.52,2
07-06-2021,139.52,0,127.08,111.98,2
08-06-2021,126.29,0,139.52,130.55,2
09-06-2021,115.97,0,126.29,114.33,2
10-06-2021,117.83,0,115.97,132.03,2
11-06-2021,134.67,0,117.83,135.83,2
12-06-2021,136.87,0,134.67,116.11,2
13-06-2021,125.3,0,136.87,134.01,2
14-06-2021,140.8,0,125.3,128.57,2
15-06-2021,117.86,0,140.8,132.72,2
16-06-2021,133.87,0,117.86,143.51,2
17-06-2021,122.47,0,133.87,122.14,2
18-06-2021,128.1,0,122.47,117.09,2
19-06-2021,135.13,0,128.1,115.76,2
20-06-2021,126.09,0,135.13,116.53,2
21-06-2021,130.87,0,126.09,123.93,2
22-06-2021,144.8,0,130.87,128.13,2
23-06-2021,128.98,0,144.8,127.49,2
24-06-2021,143.12,0,128.98,133,2
25-06-2021,123.47,0,143.12,124.86,2
26-06-2021,140.06,0,123.47,139.25,2
27-06-2021,149.17,0,140.06,122.06,2
28-06-2021,110.02,0,149.17,151.88,2
29-06-2021,126.74,0,110.02,130.91,2
30-06-2021,140.46,0,126.74,116.05,2
01-07-2021,132.62,0,140.46,113.87,2
02-07-2021,138.33,0,132.62,129.36,2
03-07-2021,128.53,0,138.33,122.25,2
04-07-2021,135.39,1,128.53,131.57,2
05-07-2021,132.91,0,135.39,129.1,2
06-07-2021,146.08,0,132.91,123.57,2
07-07-2021,136.88,0,146.08,115.76,2
08-07-2021,137.64,0,136.88,109,2
09-07-2021,130.06,0,137.64,119.6,2
10-07-2021,129.22,0,130.06,132.54,2
11-07-2021,129.68,0,129.22,126.02,2
12-07-2021,137.86,0,129.68,111.32,2
13-07-2021,129.6,0,137.86,125.4,2
14-07-2021,136.6,0,129.6,127.41,2
15-07-2021,154.34,0,136.6,114.6,2
16-07-2021,142.18,0,154.34,124.85,2
17-07-2021,130.09,0,142.18,123.77,2
18-07-2021,145.23,0,130.09,111.63,2
19-07-2021,129.01,0,145.23,126.49,2
20-07-2021,112.57,0,129.01,128.38,2
21-07-2021,122.72,0,112.57,133.45,2
22-07-2021,113.95,0,122.72,133.01,2
23-07-2021,128.99,0,113.95,108.53,2
24-07-2021,132.53,0,128.99,112.77,2
25-07-2021,148.94,0,132.53,127.13,2
26-07-2021,135.28,0,148.94,126.94,2
27-07-2021,129.65,0,135.28,126.78,2
28-07-2021,139.95,0,129.65,159.97,2
29-07-2021,109.36,0,139.95,126.96,2
30-07-2021,133.64,0,109.36,132.42,2
31-07-2021,138.8,0,133.64,130.4,2
01-08-2021,116.11,0,138.8,127.18,2
02-08-2021,142.13,0,116.11,117.3,2
03-08-2021,133.88,0,142.13,127.84,2
04-08-2021,126.13,0,133.88,112.3,2
05-08-2021,136.39,0,126.13,117.45,2
06-08-2021,152.55,0,136.39,114.74,2
07-08-2021,131.44,0,152.55,120.18,2
08-08-2021,131.88,0,131.44,142.28,2
09-08-2021,124.57,0,131.88,100.23,2
10-08-2021,120.43,0,124.57,125.52,2
11-08-2021,137,0,120.43,102.29,2
12-08-2021,119.89,0,137,113.45,2
13-08-2021,128.92,0,119.89,128.81,2
14-08-2021,123.18,0,128.92,118.31,2
15-08-2021,132.49,0,123.18,106.64,2
16-08-2021,130.78,0,132.49,110,2
17-08-2021,137.56,0,130.78,123.69,2
18-08-2021,121.82,0,137.56,109.32,2
19-08-2021,123.96,0,121.82,118.52,2
20-08-2021,116.6,0,123.96,116.54,2
21-08-2021,121.68,0,116.6,109.29,2
22-08-2021,129.62,0,121.68,136.97,2
23-08-2021,133.14,0,129.62,121.59,2
24-08-2021,116.06,0,133.14,94.72,2
25-08-2021,133.7,0,116.06,116.55,2
26-08-2021,138.27,0,133.7,107.78,2
27-08-2021,128.56,0,138.27,122.63,2
28-08-2021,142.91,0,128.56,105.89,2
29-08-2021,116.11,0,142.91,112.37,2
30-08-2021,111.1,0,116.11,118.27,2
31-08-2021,105.47,0,111.1,121.58,2
01-09-2021,137.92,0,105.47,100.62,3
02-09-2021,129.2,0,137.92,108.98,3
03-09-2021,121.8,0,129.2,107.27,3
04-09-2021,124.85,0,121.8,105.18,3
05-09-2021,110.49,0,124.85,129.06,3
06-09-2021,145.89,0,110.49,115.15,3
07-09-2021,122.42,0,145.89,98.18,3
08-09-2021,121.91,0,122.42,119.65,3
09-09-2021,127.77,0,121.91,131.39,3
10-09-2021,125.01,0,127.77,120.18,3
11-09-2021,122.12,0,125.01,94.34,3
12-09-2021,111.67,0,122.12,104.38,3
13-09-2021,123.97,0,111.67,121.58,3
14-09-2021,137.76,0,123.97,101.52,3
15-09-2021,132.08,0,137.76,112.71,3
16-09-2021,134.24,0,132.08,115.71,3
17-09-2021,112.88,0,134.24,98.37,3
18-09-2021,107.78,0,112.88,106.73,3
19-09-2021,116.1,0,107.78,74.6,3
20-09-2021,117.6,0,116.1,96.45,3
21-09-2021,127.67,0,117.6,103.85,3
22-09-2021,99.48,0,127.67,93.58,3
23-09-2021,131.39,0,99.48,122.07,3
24-09-2021,114.2,0,131.39,91.13,3
25-09-2021,111.19,0,114.2,100.71,3
26-09-2021,105.03,0,111.19,106.11,3
27-09-2021,98.28,0,105.03,118.9,3
28-09-2021,122.75,0,98.28,89.81,3
29-09-2021,114.94,0,122.75,115.49,3
30-09-2021,100.99,0,114.94,103.65,3
01-10-2021,100.63,0,100.99,93.43,3
02-10-2021,109.92,0,100.63,107.55,3
03-10-2021,129.66,0,109.92,104.62,3
04-10-2021,110.06,0,129.66,96.32,3
05-10-2021,97.32,0,110.06,102.71,3
06-10-2021,109.59,0,97.32,97.86,3
07-10-2021,109.02,0,109.59,102.55,3
08-10-2021,84.48,0,109.02,107.74,3
09-10-2021,110.6,0,84.48,116.68,3
10-10-2021,108.54,0,110.6,88.15,3
11-10-2021,117.52,0,108.54,121.56,3
12-10-2021,128.75,0,117.52,80.42,3
13-10-2021,121.24,0,128.75,98.13,3
14-10-2021,107,0,121.24,105.25,3
15-10-2021,98.33,0,107,101.89,3
16-10-2021,134.85,0,98.33,92.58,3
17-10-2021,109.43,0,134.85,96.45,3
18-10-2021,108.7,0,109.43,93.32,3
19-10-2021,108.04,0,108.7,92.09,3
20-10-2021,109.99,0,108.04,106.21,3
21-10-2021,106.3,0,109.99,101.01,3
22-10-2021,101.74,0,106.3,90.25,3
23-10-2021,101.75,0,101.74,105.92,3
24-10-2021,106.63,0,101.75,99.74,3
25-10-2021,101.26,0,106.63,104.54,3
26-10-2021,99.32,0,101.26,102.46,3
27-10-2021,107.26,0,99.32,87.63,3
28-10-2021,103.4,0,107.26,90.07,3
29-10-2021,120.75,0,103.4,102.91,3
30-10-2021,78.96,0,120.75,101.31,3
31-10-2021,116.15,1,78.96,94.76,3
01-11-2021,117.47,0,116.15,95.92,3
02-11-2021,84.04,0,117.47,107.3,3
03-11-2021,101.13,0,84.04,88.39,3
04-11-2021,100.62,0,101.13,99.56,3
05-11-2021,90.05,0,100.62,91.86,3
06-11-2021,96.13,0,90.05,91.5,3
07-11-2021,92.6,0,96.13,104.46,3
08-11-2021,121.03,0,92.6,101.53,3
09-11-2021,112.66,0,121.03,101.22,3
10-11-2021,115.83,0,112.66,105.95,3
11-11-2021,110.14,0,115.83,92.92,3
12-11-2021,91.45,0,110.14,99.35,3
13-11-2021,97.32,0,91.45,89.26,3
14-11-2021,107.29,0,97.32,95.43,3
15-11-2021,90,0,107.29,90.72,3
16-11-2021,109.19,0,90,92.84,3
17-11-2021,99.5,0,109.19,97.66,3
18-11-2021,98,0,99.5,83.38,3
19-11-2021,108.71,0,98,112.34,3
20-11-2021,105.9,0,108.71,81.22,3
21-11-2021,97.7,0,105.9,79.01,3
22-11-2021,112.77,0,97.7,102.6,3
23-11-2021,90.24,0,112.77,98.81,3
24-11-2021,107.09,0,90.24,97.02,3
25-11-2021,106.74,1,107.09,96.95,3
26-11-2021,97.6,1,106.74,90.44,3
27-11-2021,103.85,0,97.6,81.49,3
28-11-2021,87.98,0,103.85,91.12,3
29-11-2021,109.64,0,87.98,83.5,3
30-11-2021,98.46,0,109.64,99.94,3
01-12-2021,94.99,0,98.46,88.64,0
02-12-2021,110.63,0,94.99,81.78,0
03-12-2021,93.03,0,110.63,86.75,0
04-12-2021,85.92,0,93.03,94.04,0
05-12-2021,84.37,0,85.92,84.21,0
06-12-2021,105.94,0,84.37,81.58,0
07-12-2021,87.03,0,105.94,92.19,0
08-12-2021,117.34,0,87.03,92.17,0
09-12-2021,78.93,0,117.34,84.61,0
10-12-2021,116.68,0,78.93,84.95,0
11-12-2021,101.8,0,116.68,91.96,0
12-12-2021,98.7,0,101.8,75.14,0
13-12-2021,94.2,0,98.7,75.54,0
14-12-2021,103.63,0,94.2,82.42,0
15-12-2021,99.26,0,103.63,87.47,0
16-12-2021,110.67,0,99.26,92.73,0
17-12-2021,100.79,0,110.67,104.38,0
18-12-2021,101.17,0,100.79,98.23,0
19-12-2021,96.05,0,101.17,88.08,0
20-12-2021,99.14,0,96.05,89.52,0
21-12-2021,102.82,0,99.14,79.72,0
22-12-2021,82.68,0,102.82,89.6,0
23-12-2021,86.34,0,82.68,86.95,0
24-12-2021,107.31,0,86.34,93.12,0
25-12-2021,101.64,1,107.31,81.68,0
26-12-2021,98.15,0,101.64,95.22,0
27-12-2021,100.24,0,98.15,105.42,0
28-12-2021,103.61,0,100.24,89.09,0
29-12-2021,94.81,0,103.61,94.28,0
30-12-2021,92.51,0,94.81,97.25,0
31-12-2021,102.34,0,92.51,86.44,0
01-01-2022,90.7,1,102.34,92.72,0
02-01-2022,104.67,0,90.7,90.7,0
03-01-2022,83.67,0,104.67,91.66,0
04-01-2022,111.1,0,83.67,83.07,0
05-01-2022,105.65,0,111.1,91.17,0
06-01-2022,103.61,0,105.65,96.03,0
07-01-2022,111.01,0,103.61,105.69,0
08-01-2022,117.97,0,111.01,100.91,0
09-01-2022,111.6,0,117.97,112.99,0
10-01-2022,83.2,0,111.6,83.93,0
11-01-2022,88.97,0,83.2,100.48,0
12-01-2022,95.67,0,88.97,93.75,0
13-01-2022,102.35,0,95.67,113.98,0
14-01-2022,107.43,0,102.35,84.17,0
15-01-2022,95.17,0,107.43,84.03,0
16-01-2022,104.48,0,95.17,86.61,0
17-01-2022,95.24,0,104.48,71.55,0
18-01-2022,96.87,0,95.24,87.72,0
19-01-2022,89.12,0,96.87,85.59,0
20-01-2022,94.15,0,89.12,94.88,0
21-01-2022,90.07,0,94.15,97,0
22-01-2022,94.04,0,90.07,112.56,0
23-01-2022,114.55,0,94.04,103.52,0
24-01-2022,94.75,0,114.55,88.46,0
25-01-2022,130.79,0,94.75,85.48,0
26-01-2022,109.63,0,130.79,99.61,0
27-01-2022,106.78,0,109.63,81.72,0
28-01-2022,96.59,0,106.78,113.48,0
29-01-2022,112.42,0,96.59,107.21,0
30-01-2022,99.91,0,112.42,90.97,0
31-01-2022,107.14,0,99.91,78.78,0
01-02-2022,131.78,0,107.14,109.71,0
02-02-2022,105.48,0,131.78,95.29,0
03-02-2022,118.2,0,105.48,109.08,0
04-02-2022,99.95,0,118.2,81.03,0
05-02-2022,106.91,0,99.95,91.26,0
06-02-2022,125.24,0,106.91,97.58,0
07-02-2022,101.55,0,125.24,98.28,0
08-02-2022,126.23,0,101.55,93.6,0
09-02-2022,115.48,0,126.23,104.62,0
10-02-2022,103.07,0,115.48,88.01,0
11-02-2022,115.32,0,103.07,97.56,0
12-02-2022,119.02,0,115.32,100.49,0
13-02-2022,115.82,0,119.02,104.74,0
14-02-2022,94.21,0,115.82,107.02,0
15-02-2022,102.95,0,94.21,88.97,0
16-02-2022,108.06,0,102.95,85.19,0
17-02-2022,110.11,0,108.06,113.63,0
18-02-2022,117.39,0,110.11,104.5,0
19-02-2022,113.28,0,117.39,94.02,0
20-02-2022,98.48,0,113.28,117.34,0
21-02-2022,115.97,0,98.48,103.32,0
22-02-2022,118.61,0,115.97,114.29,0
23-02-2022,118.43,0,118.61,103.51,0
24-02-2022,123.98,0,118.43,123.78,0
25-02-2022,121.86,0,123.98,121.06,0
26-02-2022,118.45,0,121.86,101.37,0
27-02-2022,113.5,0,118.45,113.92,0
28-02-2022,97.95,0,113.5,111,0
01-03-2022,119.2,0,97.95,118.59,1
02-03-2022,117.33,0,119.2,95.6,1
03-03-2022,118.33,0,117.33,112.47,1
04-03-2022,103.2,0,118.33,116.55,1
05-03-2022,105.52,0,103.2,88.73,1
06-03-2022,127.22,0,105.52,94.85,1
07-03-2022,116.65,0,127.22,86.65,1
08-03-2022,124.22,0,116.65,104.71,1
09-03-2022,118.06,0,124.22,114.94,1
10-03-2022,118.44,0,118.06,123.16,1
11-03-2022,127.89,0,118.44,109.24,1
12-03-2022,113.71,0,127.89,125.15,1
13-03-2022,120.2,0,113.71,95.43,1
14-03-2022,114.99,0,120.2,92.57,1
15-03-2022,115.63,0,114.99,109.42,1
16-03-2022,117.26,0,115.63,114.18,1
17-03-2022,122.94,0,117.26,110.39,1
18-03-2022,116.3,0,122.94,90.41,1
19-03-2022,134.02,0,116.3,110.56,1
20-03-2022,112.89,0,134.02,98.78,1
21-03-2022,120.34,0,112.89,118.9,1
22-03-2022,118.18,0,120.34,116.24,1
23-03-2022,137.42,0,118.18,103.54,1
24-03-2022,125.28,0,137.42,108.17,1
25-03-2022,134.01,0,125.28,103.09,1
26-03-2022,109.2,0,134.01,113.43,1
27-03-2022,127.1,0,109.2,123.98,1
28-03-2022,133.7,0,127.1,104.94,1
29-03-2022,125.99,0,133.7,120.2,1
30-03-2022,136.19,0,125.99,110.23,1
31-03-2022,120.73,0,136.19,107.97,1
01-04-2022,140.36,0,120.73,115.19,1
02-04-2022,149.62,0,140.36,106.28,1
03-04-2022,123.37,0,149.62,111.46,1
04-04-2022,122.91,1,123.37,105.38,1
05-04-2022,142.26,0,122.91,137.36,1
06-04-2022,143.88,0,142.26,118.43,1
07-04-2022,123.21,0,143.88,111.44,1
08-04-2022,124.59,0,123.21,120.93,1
09-04-2022,126.33,0,124.59,118.02,1
10-04-2022,116.06,0,126.33,117.29,1
11-04-2022,120.67,0,116.06,125.99,1
12-04-2022,120.16,0,120.67,127.77,1
13-04-2022,122.87,0,120.16,115.24,1
14-04-2022,130.54,0,122.87,115.13,1
15-04-2022,133.58,0,130.54,118.48,1
16-04-2022,147.08,0,133.58,98.55,1
17-04-2022,121.93,0,147.08,106.75,1
18-04-2022,142.09,0,121.93,135.91,1
19-04-2022,130.43,0,142.09,139.02,1
20-04-2022,132.41,0,130.43,120.41,1
21-04-2022,139.98,0,132.41,128.99,1
22-04-2022,122.32,0,139.98,126.66,1
23-04-2022,137.69,0,122.32,154.65,1
24-04-2022,135.85,0,137.69,135.37,1
25-04-2022,139.42,0,135.85,123.21,1
26-04-2022,137.7,0,139.42,115.25,1
27-04-2022,159.67,0,137.7,109.04,1
28-04-2022,129.04,0,159.67,127.44,1
29-04-2022,130.4,0,129.04,118.14,1
30-04-2022,129.78,0,130.4,111.78,1
01-05-2022,130.75,0,129.78,119.83,1
02-05-2022,130.21,0,130.75,115.77,1
03-05-2022,148.76,0,130.21,143.74,1
04-05-2022,151.36,0,148.76,135.96,1
05-05-2022,131.72,0,151.36,127.34,1
06-05-2022,129.37,0,131.72,142.49,1
07-05-2022,142.68,0,129.37,128.73,1
08-05-2022,132.71,0,142.68,119.61,1
09-05-2022,144.82,0,132.71,143.71,1
10-05-2022,140.77,0,144.82,134.12,1
11-05-2022,123.83,0,140.77,118.61,1
12-05-2022,154.71,0,123.83,127.33,1
13-05-2022,157.43,0,154.71,120.71,1
14-05-2022,133.58,0,157.43,115.88,1
15-05-2022,136.07,0,133.58,139.2,1
16-05-2022,143.03,0,136.07,149.26,1
17-05-2022,143.73,0,143.03,116.4,1
18-05-2022,147.19,0,143.73,136.23,1
19-05-2022,160.92,0,147.19,124.31,1
20-05-2022,139.25,0,160.92,126.15,1
21-05-2022,133.24,0,139.25,125.3,1
22-05-2022,127.63,0,133.24,122.78,1
23-05-2022,134.3,0,127.63,132.09,1
24-05-2022,141.47,0,134.3,123.48,1
25-05-2022,159.92,0,141.47,134.68,1
26-05-2022,136.98,0,159.92,131.65,1
27-05-2022,144.56,0,136.98,129.93,1
28-05-2022,142.32,0,144.56,123.41,1
29-05-2022,154.53,0,142.32,126.87,1
30-05-2022,168.07,0,154.53,140.35,1
31-05-2022,137.64,0,168.07,137.95,1
01-06-2022,138.2,0,137.64,123.31,2
02-06-2022,153.67,0,138.2,134.21,2
03-06-2022,150.18,0,153.67,140.87,2
04-06-2022,161.95,0,150.18,116.78,2
05-06-2022,149.44,0,161.95,139.03,2
06-06-2022,140.12,0,149.44,127.08,2
07-06-2022,149.73,0,140.12,139.52,2
08-06-2022,155.01,0,149.73,126.29,2
09-06-2022,152.23,0,155.01,115.97,2
10-06-2022,149.19,0,152.23,117.83,2
11-06-2022,154.87,0,149.19,134.67,2
12-06-2022,155.97,0,154.87,136.87,2
13-06-2022,158.17,0,155.97,125.3,2
14-06-2022,150.91,0,158.17,140.8,2
15-06-2022,142.81,0,150.91,117.86,2
16-06-2022,146,0,142.81,133.87,2
17-06-2022,156.65,0,146,122.47,2
18-06-2022,136.46,0,156.65,128.1,2
19-06-2022,148.35,0,136.46,135.13,2
20-06-2022,140.76,0,148.35,126.09,2
21-06-2022,145.01,0,140.76,130.87,2
22-06-2022,157.53,0,145.01,144.8,2
23-06-2022,146.67,0,157.53,128.98,2
24-06-2022,145.23,0,146.67,143.12,2
25-06-2022,131.17,0,145.23,123.47,2
26-06-2022,152.23,0,131.17,140.06,2
27-06-2022,151.21,0,152.23,149.17,2
28-06-2022,166.37,0,151.21,110.02,2
29-06-2022,141.64,0,166.37,126.74,2
30-06-2022,146.88,0,141.64,140.46,2
01-07-2022,147.15,0,146.88,132.62,2
02-07-2022,160.39,0,147.15,138.33,2
03-07-2022,143.62,0,160.39,128.53,2
04-07-2022,147.31,1,143.62,135.39,2
05-07-2022,150.55,0,147.31,132.91,2
06-07-2022,146.27,0,150.55,146.08,2
07-07-2022,139.87,0,146.27,136.88,2
08-07-2022,146.21,0,139.87,137.64,2
09-07-2022,154.92,0,146.21,130.06,2
10-07-2022,133.84,0,154.92,129.22,2
11-07-2022,145.34,0,133.84,129.68,2
12-07-2022,136.91,0,145.34,137.86,2
13-07-2022,155.77,0,136.91,129.6,2
14-07-2022,128.48,0,155.77,136.6,2
15-07-2022,138.01,0,128.48,154.34,2
16-07-2022,147.25,0,138.01,142.18,2
17-07-2022,159.01,0,147.25,130.09,2
18-07-2022,142.57,0,159.01,145.23,2
19-07-2022,137.54,0,142.57,129.01,2
20-07-2022,161.77,0,137.54,112.57,2
21-07-2022,128.33,0,161.77,122.72,2
22-07-2022,120.67,0,128.33,113.95,2
23-07-2022,146.91,0,120.67,128.99,2
24-07-2022,137.33,0,146.91,132.53,2
25-07-2022,131.97,0,137.33,148.94,2
26-07-2022,149.1,0,131.97,135.28,2
27-07-2022,144.28,0,149.1,129.65,2
28-07-2022,136.02,0,144.28,139.95,2
29-07-2022,128.68,0,136.02,109.36,2
30-07-2022,150.02,0,128.68,133.64,2
31-07-2022,147.6,0,150.02,138.8,2
01-08-2022,139.91,0,147.6,116.11,2
02-08-2022,159.17,0,139.91,142.13,2
03-08-2022,129.79,0,159.17,133.88,2
04-08-2022,125.03,0,129.79,126.13,2
05-08-2022,133.15,0,125.03,136.39,2
06-08-2022,139.4,0,133.15,152.55,2
07-08-2022,142.06,0,139.4,131.44,2
08-08-2022,136.99,0,142.06,131.88,2
09-08-2022,142.69,0,136.99,124.57,2
10-08-2022,126.42,0,142.69,120.43,2
11-08-2022,153.14,0,126.42,137,2
12-08-2022,137.64,0,153.14,119.89,2
13-08-2022,149.38,0,137.64,128.92,2
14-08-2022,141.39,0,149.38,123.18,2
15-08-2022,142.28,0,141.39,132.49,2
16-08-2022,143.15,0,142.28,130.78,2
17-08-2022,141.67,0,143.15,137.56,2
18-08-2022,143.36,0,141.67,121.82,2
19-08-2022,149.96,0,143.36,123.96,2
20-08-2022,138.36,0,149.96,116.6,2
21-08-2022,143.21,0,138.36,121.68,2
22-08-2022,134.95,0,143.21,129.62,2
23-08-2022,149.97,0,134.95,133.14,2
24-08-2022,128.53,0,149.97,116.06,2
25-08-2022,153.02,0,128.53,133.7,2
26-08-2022,134.32,0,153.02,138.27,2
27-08-2022,120.13,0,134.32,128.56,2
28-08-2022,135.43,0,120.13,142.91,2
29-08-2022,127.04,0,135.43,116.11,2
30-08-2022,141.96,0,127.04,111.1,2
31-08-2022,126.73,0,141.96,105.47,2
01-09-2022,128.5,0,126.73,137.92,3
02-09-2022,113.77,0,128.5,129.2,3
03-09-2022,127.84,0,113.77,121.8,3
04-09-2022,107.82,0,127.84,124.85,3
05-09-2022,115.91,0,107.82,110.49,3
06-09-2022,139.05,0,115.91,145.89,3
07-09-2022,138.99,0,139.05,122.42,3
08-09-2022,135.08,0,138.99,121.91,3
09-09-2022,120.84,0,135.08,127.77,3
10-09-2022,129.73,0,120.84,125.01,3
11-09-2022,129.85,0,129.73,122.12,3
12-09-2022,117.99,0,129.85,111.67,3
13-09-2022,144.3,0,117.99,123.97,3
14-09-2022,137.72,0,144.3,137.76,3
15-09-2022,126.42,0,137.72,132.08,3
16-09-2022,128.58,0,126.42,134.24,3
17-09-2022,130.08,0,128.58,112.88,3
18-09-2022,107.26,0,130.08,107.78,3
19-09-2022,124.89,0,107.26,116.1,3
20-09-2022,120.23,0,124.89,117.6,3
21-09-2022,116.72,0,120.23,127.67,3
22-09-2022,123.6,0,116.72,99.48,3
23-09-2022,144.08,0,123.6,131.39,3
24-09-2022,132.19,0,144.08,114.2,3
25-09-2022,119.75,0,132.19,111.19,3
26-09-2022,130.88,0,119.75,105.03,3
27-09-2022,138.83,0,130.88,98.28,3
28-09-2022,133.77,0,138.83,122.75,3
29-09-2022,124.81,0,133.77,114.94,3
30-09-2022,117.43,0,124.81,100.99,3
01-10-2022,130.57,0,117.43,100.63,3
02-10-2022,127.21,0,130.57,109.92,3
03-10-2022,131.92,0,127.21,129.66,3
04-10-2022,129.02,0,131.92,110.06,3
05-10-2022,132.85,0,129.02,97.32,3
06-10-2022,116.7,0,132.85,109.59,3
07-10-2022,134.93,0,116.7,109.02,3
08-10-2022,123.43,0,134.93,84.48,3
09-10-2022,141.91,0,123.43,110.6,3
10-10-2022,113.96,0,141.91,108.54,3
11-10-2022,137.92,0,113.96,117.52,3
12-10-2022,122.25,0,137.92,128.75,3
13-10-2022,113.46,0,122.25,121.24,3
14-10-2022,114.85,0,113.46,107,3
15-10-2022,116.2,0,114.85,98.33,3
16-10-2022,123.36,0,116.2,134.85,3
17-10-2022,124.07,0,123.36,109.43,3
18-10-2022,112.83,0,124.07,108.7,3
19-10-2022,118.05,0,112.83,108.04,3
20-10-2022,139.44,0,118.05,109.99,3
21-10-2022,135.02,0,139.44,106.3,3
22-10-2022,121.85,0,135.02,101.74,3
23-10-2022,117.6,0,121.85,101.75,3
24-10-2022,118.16,0,117.6,106.63,3
25-10-2022,122.84,0,118.16,101.26,3
26-10-2022,106.22,0,122.84,99.32,3
27-10-2022,113.63,0,106.22,107.26,3
28-10-2022,99.27,0,113.63,103.4,3
29-10-2022,119.71,0,99.27,120.75,3
30-10-2022,121.95,0,119.71,78.96,3
31-10-2022,110.41,1,121.95,116.15,3
01-11-2022,130.75,0,110.41,117.47,3
02-11-2022,102.53,0,130.75,84.04,3
03-11-2022,99.92,0,102.53,101.13,3
04-11-2022,116.59,0,99.92,100.62,3
05-11-2022,124.6,0,116.59,90.05,3
06-11-2022,130.76,0,124.6,96.13,3
07-11-2022,109.12,0,130.76,92.6,3
08-11-2022,124.3,0,109.12,121.03,3
09-11-2022,112.93,0,124.3,112.66,3
10-11-2022,111.39,0,112.93,115.83,3
11-11-2022,121.77,0,111.39,110.14,3
12-11-2022,119.27,0,121.77,91.45,3
13-11-2022,96.81,0,119.27,97.32,3
14-11-2022,127.16,0,96.81,107.29,3
15-11-2022,126.03,0,127.16,90,3
16-11-2022,105.81,0,126.03,109.19,3
17-11-2022,115.86,0,105.81,99.5,3
18-11-2022,116.69,0,115.86,98,3
19-11-2022,114.21,0,116.69,108.71,3
20-11-2022,105.96,0,114.21,105.9,3
21-11-2022,104.6,0,105.96,97.7,3
22-11-2022,110.93,0,104.6,112.77,3
23-11-2022,122.79,0,110.93,90.24,3
24-11-2022,116.37,0,122.79,107.09,3
25-11-2022,107.11,1,116.37,106.74,3
26-11-2022,118.42,1,107.11,97.6,3
27-11-2022,82.11,0,118.42,103.85,3
28-11-2022,121.99,0,82.11,87.98,3
29-11-2022,93,0,121.99,109.64,3
30-11-2022,106.69,0,93,98.46,3
01-12-2022,99.03,0,106.69,94.99,0
02-12-2022,97.2,0,99.03,110.63,0
03-12-2022,121.68,0,97.2,93.03,0
04-12-2022,105.33,0,121.68,85.92,0
05-12-2022,113.41,0,105.33,84.37,0
06-12-2022,109.42,0,113.41,105.94,0
07-12-2022,114.61,0,109.42,87.03,0
08-12-2022,110.56,0,114.61,117.34,0
09-12-2022,96.92,0,110.56,78.93,0
10-12-2022,119.68,0,96.92,116.68,0
11-12-2022,104.76,0,119.68,101.8,0
12-12-2022,94.11,0,104.76,98.7,0
13-12-2022,105.38,0,94.11,94.2,0
14-12-2022,124.66,0,105.38,103.63,0
15-12-2022,118.15,0,124.66,99.26,0
16-12-2022,106.16,0,118.15,110.67,0
17-12-2022,106.16,0,106.16,100.79,0
18-12-2022,106.45,0,106.16,101.17,0
19-12-2022,130.46,0,106.45,96.05,0
20-12-2022,113.53,0,130.46,99.14,0
21-12-2022,114.05,0,113.53,102.82,0
22-12-2022,120.09,0,114.05,82.68,0
23-12-2022,112.22,0,120.09,86.34,0
24-12-2022,107.29,0,112.22,107.31,0
25-12-2022,107.97,1,107.29,101.64,0
26-12-2022,109.28,0,107.97,98.15,0
27-12-2022,109.69,0,109.28,100.24,0
28-12-2022,117.41,0,109.69,103.61,0
29-12-2022,110.73,0,117.41,94.81,0
30-12-2022,117.63,0,110.73,92.51,0
31-12-2022,109.58,0,117.63,102.34,0
01-01-2023,111.27,1,109.58,90.7,0
02-01-2023,90.61,0,111.27,104.67,0
03-01-2023,119.86,0,90.61,83.67,0
04-01-2023,114.28,0,119.86,111.1,0
05-01-2023,120.91,0,114.28,105.65,0
06-01-2023,82.09,0,120.91,103.61,0
07-01-2023,132.07,0,82.09,111.01,0
08-01-2023,109.93,0,132.07,117.97,0
09-01-2023,122.55,0,109.93,111.6,0
10-01-2023,101.21,0,122.55,83.2,0
11-01-2023,117.89,0,101.21,88.97,0
12-01-2023,101.39,0,117.89,95.67,0
13-01-2023,105.85,0,101.39,102.35,0
14-01-2023,131.4,0,105.85,107.43,0
15-01-2023,110.53,0,131.4,95.17,0
16-01-2023,114.79,0,110.53,104.48,0
17-01-2023,121.5,0,114.79,95.24,0
18-01-2023,117.95,0,121.5,96.87,0
19-01-2023,114.69,0,117.95,89.12,0
20-01-2023,117.04,0,114.69,94.15,0
21-01-2023,137.63,0,117.04,90.07,0
22-01-2023,113.23,0,137.63,94.04,0
23-01-2023,116.03,0,113.23,114.55,0
24-01-2023,124.75,0,116.03,94.75,0
25-01-2023,125.53,0,124.75,130.79,0
26-01-2023,126.57,0,125.53,109.63,0
27-01-2023,121.32,0,126.57,106.78,0
28-01-2023,103.75,0,121.32,96.59,0
29-01-2023,131.76,0,103.75,112.42,0
30-01-2023,104.21,0,131.76,99.91,0
31-01-2023,118.95,0,104.21,107.14,0
01-02-2023,108.64,0,118.95,131.78,0
02-02-2023,115.81,0,108.64,105.48,0
03-02-2023,120,0,115.81,118.2,0
04-02-2023,120.2,0,120,99.95,0
05-02-2023,121.48,0,120.2,106.91,0
06-02-2023,133.68,0,121.48,125.24,0
07-02-2023,122.36,0,133.68,101.55,0
08-02-2023,115.67,0,122.36,126.23,0
09-02-2023,128.05,0,115.67,115.48,0
10-02-2023,130.59,0,128.05,103.07,0
11-02-2023,106.72,0,130.59,115.32,0
12-02-2023,125.27,0,106.72,119.02,0
13-02-2023,126.62,0,125.27,115.82,0
14-02-2023,116.94,0,126.62,94.21,0
15-02-2023,133.99,0,116.94,102.95,0
16-02-2023,119.04,0,133.99,108.06,0
17-02-2023,122.12,0,119.04,110.11,0
18-02-2023,119.46,0,122.12,117.39,0
19-02-2023,121.67,0,119.46,113.28,0
20-02-2023,110.88,0,121.67,98.48,0
21-02-2023,107.77,0,110.88,115.97,0
22-02-2023,138.45,0,107.77,118.61,0
23-02-2023,114.37,0,138.45,118.43,0
24-02-2023,113.27,0,114.37,123.98,0
25-02-2023,101.99,0,113.27,121.86,0
26-02-2023,117.48,0,101.99,118.45,0
27-02-2023,110.98,0,117.48,113.5,0
28-02-2023,140.98,0,110.98,97.95,0
01-03-2023,135.01,0,140.98,119.2,1
02-03-2023,118.38,0,135.01,117.33,1
03-03-2023,148.14,0,118.38,118.33,1
04-03-2023,135.79,0,148.14,103.2,1
05-03-2023,123.08,0,135.79,105.52,1
06-03-2023,101.7,0,123.08,127.22,1
07-03-2023,149.96,0,101.7,116.65,1
08-03-2023,113.52,0,149.96,124.22,1
09-03-2023,111.32,0,113.52,118.06,1
10-03-2023,138.37,0,111.32,118.44,1
11-03-2023,152.91,0,138.37,127.89,1
12-03-2023,142.72,0,152.91,113.71,1
13-03-2023,134.88,0,142.72,120.2,1
14-03-2023,135.56,0,134.88,114.99,1
15-03-2023,138.52,0,135.56,115.63,1
16-03-2023,137.94,0,138.52,117.26,1
17-03-2023,133.54,0,137.94,122.94,1
18-03-2023,132.14,0,133.54,116.3,1
19-03-2023,130.84,0,132.14,134.02,1
20-03-2023,124.3,0,130.84,112.89,1
21-03-2023,129.4,0,124.3,120.34,1
22-03-2023,115.65,0,129.4,118.18,1
23-03-2023,131.97,0,115.65,137.42,1
24-03-2023,123.44,0,131.97,125.28,1
25-03-2023,122.66,0,123.44,134.01,1
26-03-2023,135.86,0,122.66,109.2,1
27-03-2023,148.36,0,135.86,127.1,1
28-03-2023,143.99,0,148.36,133.7,1
29-03-2023,119.47,0,143.99,125.99,1
30-03-2023,125.65,0,119.47,136.19,1
31-03-2023,145.32,0,125.65,120.73,1
01-04-2023,126.45,0,145.32,140.36,1
02-04-2023,134.39,0,126.45,149.62,1
03-04-2023,142.5,0,134.39,123.37,1
04-04-2023,127.68,1,142.5,122.91,1
05-04-2023,138.78,0,127.68,142.26,1
06-04-2023,124.75,0,138.78,143.88,1
07-04-2023,132.43,0,124.75,123.21,1
08-04-2023,142,0,132.43,124.59,1
09-04-2023,123.23,0,142,126.33,1
10-04-2023,143.91,0,123.23,116.06,1
11-04-2023,139.66,0,143.91,120.67,1
12-04-2023,145.73,0,139.66,120.16,1
13-04-2023,142.79,0,145.73,122.87,1
14-04-2023,154.54,0,142.79,130.54,1
15-04-2023,142.49,0,154.54,133.58,1
16-04-2023,137.28,0,142.49,147.08,1
17-04-2023,143.14,0,137.28,121.93,1
18-04-2023,147.68,0,143.14,142.09,1
19-04-2023,143.07,0,147.68,130.43,1
20-04-2023,143.31,0,143.07,132.41,1
21-04-2023,136.21,0,143.31,139.98,1
22-04-2023,136.93,0,136.21,122.32,1
23-04-2023,129.85,0,136.93,137.69,1
24-04-2023,161.69,0,129.85,135.85,1
25-04-2023,132.06,0,161.69,139.42,1
26-04-2023,137.88,0,132.06,137.7,1
27-04-2023,137.93,0,137.88,159.67,1
28-04-2023,154.37,0,137.93,129.04,1
29-04-2023,142.77,0,154.37,130.4,1
30-04-2023,158.49,0,142.77,129.78,1
01-05-2023,139.57,0,158.49,130.75,1
02-05-2023,149.38,0,139.57,130.21,1
03-05-2023,138.52,0,149.38,148.76,1
04-05-2023,168.61,0,138.52,151.36,1
05-05-2023,135.56,0,168.61,131.72,1
06-05-2023,150.8,0,135.56,129.37,1
07-05-2023,154.31,0,150.8,142.68,1
08-05-2023,152.37,0,154.31,132.71,1
09-05-2023,146.64,0,152.37,144.82,1
10-05-2023,147.45,0,146.64,140.77,1
11-05-2023,149.43,0,147.45,123.83,1
12-05-2023,147.77,0,149.43,154.71,1
13-05-2023,159.12,0,147.77,157.43,1
14-05-2023,171.82,0,159.12,133.58,1
15-05-2023,144.37,0,171.82,136.07,1
16-05-2023,136.48,0,144.37,143.03,1
17-05-2023,149.51,0,136.48,143.73,1
18-05-2023,176.41,0,149.51,147.19,1
19-05-2023,142.79,0,176.41,160.92,1
20-05-2023,167.42,0,142.79,139.25,1
21-05-2023,168.01,0,167.42,133.24,1
22-05-2023,145.89,0,168.01,127.63,1
23-05-2023,157.31,0,145.89,134.3,1
24-05-2023,168.09,0,157.31,141.47,1
25-05-2023,148.19,0,168.09,159.92,1
26-05-2023,150.12,0,148.19,136.98,1
27-05-2023,146.51,0,150.12,144.56,1
28-05-2023,142.35,0,146.51,142.32,1
29-05-2023,146.16,0,142.35,154.53,1
30-05-2023,140.57,0,146.16,168.07,1
31-05-2023,153.29,0,140.57,137.64,1
01-06-2023,145.4,0,153.29,138.2,2
02-06-2023,155.57,0,145.4,153.67,2
03-06-2023,137.8,0,155.57,150.18,2
04-06-2023,156.8,0,137.8,161.95,2
05-06-2023,161.94,0,156.8,149.44,2
06-06-2023,133.78,0,161.94,140.12,2
07-06-2023,157.57,0,133.78,149.73,2
08-06-2023,166.21,0,157.57,155.01,2
09-06-2023,141.93,0,166.21,152.23,2
10-06-2023,170.85,0,141.93,149.19,2
11-06-2023,158.39,0,170.85,154.87,2
12-06-2023,147.23,0,158.39,155.97,2
13-06-2023,153.8,0,147.23,158.17,2
14-06-2023,160.01,0,153.8,150.91,2
15-06-2023,155.25,0,160.01,142.81,2
16-06-2023,159.93,0,155.25,146,2
17-06-2023,145.38,0,159.93,156.65,2
18-06-2023,156.33,0,145.38,136.46,2
19-06-2023,140.53,0,156.33,148.35,2
20-06-2023,153.59,0,140.53,140.76,2
21-06-2023,145.69,0,153.59,145.01,2
22-06-2023,147.39,0,145.69,157.53,2
23-06-2023,167.12,0,147.39,146.67,2
24-06-2023,165.69,0,167.12,145.23,2
25-06-2023,160.87,0,165.69,131.17,2
26-06-2023,143.85,0,160.87,152.23,2
27-06-2023,151.6,0,143.85,151.21,2
28-06-2023,166.88,0,151.6,166.37,2
29-06-2023,156.14,0,166.88,141.64,2
30-06-2023,177.89,0,156.14,146.88,2
01-07-2023,158.6,0,177.89,147.15,2
02-07-2023,156.55,0,158.6,160.39,2
03-07-2023,151.49,0,156.55,143.62,2
04-07-2023,155.87,1,151.49,147.31,2
05-07-2023,152.95,0,155.87,150.55,2
06-07-2023,161.49,0,152.95,146.27,2
07-07-2023,163.91,0,161.49,139.87,2
08-07-2023,146.41,0,163.91,146.21,2
09-07-2023,140.88,0,146.41,154.92,2
10-07-2023,135.75,0,140.88,133.84,2
11-07-2023,159.1,0,135.75,145.34,2
12-07-2023,142.89,0,159.1,136.91,2
13-07-2023,132.29,0,142.89,155.77,2
14-07-2023,157.6,0,132.29,128.48,2
15-07-2023,178.53,0,157.6,138.01,2
16-07-2023,153.42,0,178.53,147.25,2
17-07-2023,161.75,0,153.42,159.01,2
18-07-2023,154.05,0,161.75,142.57,2
19-07-2023,152.11,0,154.05,137.54,2
20-07-2023,162.15,0,152.11,161.77,2
21-07-2023,149.91,0,162.15,128.33,2
22-07-2023,155.34,0,149.91,120.67,2
23-07-2023,155.73,0,155.34,146.91,2
24-07-2023,145.67,0,155.73,137.33,2
25-07-2023,162.11,0,145.67,131.97,2
26-07-2023,150.27,0,162.11,149.1,2
27-07-2023,144.29,0,150.27,144.28,2
28-07-2023,157.03,0,144.29,136.02,2
29-07-2023,142.5,0,157.03,128.68,2
30-07-2023,151.58,0,142.5,150.02,2
31-07-2023,151.01,0,151.58,147.6,2
01-08-2023,161.77,0,151.01,139.91,2
02-08-2023,155.45,0,161.77,159.17,2
03-08-2023,150.25,0,155.45,129.79,2
04-08-2023,158.47,0,150.25,125.03,2
05-08-2023,163.98,0,158.47,133.15,2
06-08-2023,155.44,0,163.98,139.4,2
07-08-2023,149.74,0,155.44,142.06,2
08-08-2023,136.29,0,149.74,136.99,2
09-08-2023,138.53,0,136.29,142.69,2
10-08-2023,145.89,0,138.53,126.42,2
11-08-2023,142.61,0,145.89,153.14,2
12-08-2023,146.59,0,142.61,137.64,2
13-08-2023,148.78,0,146.59,149.38,2
14-08-2023,153.26,0,148.78,141.39,2
15-08-2023,147.01,0,153.26,142.28,2
16-08-2023,152.32,0,147.01,143.15,2
17-08-2023,147.84,0,152.32,141.67,2
18-08-2023,127.18,0,147.84,143.36,2
19-08-2023,137.28,0,127.18,149.96,2
20-08-2023,144.96,0,137.28,138.36,2
21-08-2023,134.03,0,144.96,143.21,2
22-08-2023,151.85,0,134.03,134.95,2
23-08-2023,160.88,0,151.85,149.97,2
24-08-2023,157.48,0,160.88,128.53,2
25-08-2023,142.88,0,157.48,153.02,2
26-08-2023,159.63,0,142.88,134.32,2
27-08-2023,145.93,0,159.63,120.13,2
28-08-2023,140.78,0,145.93,135.43,2
29-08-2023,137.72,0,140.78,127.04,2
30-08-2023,140.54,0,137.72,141.96,2
31-08-2023,139.38,0,140.54,126.73,2
01-09-2023,144.67,0,139.38,128.5,3
02-09-2023,144.27,0,144.67,113.77,3
03-09-2023,142.39,0,144.27,127.84,3
04-09-2023,146.43,0,142.39,107.82,3
05-09-2023,153.66,0,146.43,115.91,3
06-09-2023,150.94,0,153.66,139.05,3
07-09-2023,126.29,0,150.94,138.99,3
08-09-2023,115.29,0,126.29,135.08,3
09-09-2023,149.86,0,115.29,120.84,3
10-09-2023,126.54,0,149.86,129.73,3
11-09-2023,137.65,0,126.54,129.85,3
12-09-2023,127.88,0,137.65,117.99,3
13-09-2023,121.25,0,127.88,144.3,3
14-09-2023,144.37,0,121.25,137.72,3
15-09-2023,146.23,0,144.37,126.42,3
16-09-2023,132.56,0,146.23,128.58,3
17-09-2023,112.09,0,132.56,130.08,3
18-09-2023,132.22,0,112.09,107.26,3
19-09-2023,141.29,0,132.22,124.89,3
20-09-2023,122.26,0,141.29,120.23,3
21-09-2023,138.57,0,122.26,116.72,3
22-09-2023,136.27,0,138.57,123.6,3
23-09-2023,141.9,0,136.27,144.08,3
24-09-2023,136.98,0,141.9,132.19,3
25-09-2023,125.74,0,136.98,119.75,3
26-09-2023,147.12,0,125.74,130.88,3
27-09-2023,133.26,0,147.12,138.83,3
28-09-2023,134.26,0,133.26,133.77,3
29-09-2023,124.88,0,134.26,124.81,3
30-09-2023,129.47,0,124.88,117.43,3
01-10-2023,124.75,0,129.47,130.57,3
02-10-2023,131.55,0,124.75,127.21,3
03-10-2023,150.09,0,131.55,131.92,3
04-10-2023,118.95,0,150.09,129.02,3
05-10-2023,116.23,0,118.95,132.85,3
06-10-2023,146.77,0,116.23,116.7,3
07-10-2023,129.66,0,146.77,134.93,3
08-10-2023,124.77,0,129.66,123.43,3
09-10-2023,141.56,0,124.77,141.91,3
10-10-2023,124.81,0,141.56,113.96,3
11-10-2023,148.83,0,124.81,137.92,3
12-10-2023,137.05,0,148.83,122.25,3
13-10-2023,125.11,0,137.05,113.46,3
14-10-2023,151.27,0,125.11,114.85,3
15-10-2023,123.35,0,151.27,116.2,3
16-10-2023,136.55,0,123.35,123.36,3
17-10-2023,131.84,0,136.55,124.07,3
18-10-2023,141.59,0,131.84,112.83,3
19-10-2023,143.91,0,141.59,118.05,3
20-10-2023,128.34,0,143.91,139.44,3
21-10-2023,120.22,0,128.34,135.02,3
22-10-2023,132.09,0,120.22,121.85,3
23-10-2023,120.45,0,132.09,117.6,3
24-10-2023,147.1,0,120.45,118.16,3
25-10-2023,128.08,0,147.1,122.84,3
26-10-2023,122.8,0,128.08,106.22,3
27-10-2023,128.05,0,122.8,113.63,3
28-10-2023,112.49,0,128.05,99.27,3
29-10-2023,116,0,112.49,119.71,3
30-10-2023,137.49,0,116,121.95,3
31-10-2023,118.68,1,137.49,110.41,3
01-11-2023,114.55,0,118.68,130.75,3
02-11-2023,130.16,0,114.55,102.53,3
03-11-2023,136.42,0,130.16,99.92,3
04-11-2023,131.54,0,136.42,116.59,3
05-11-2023,134.09,0,131.54,124.6,3
06-11-2023,116.36,0,134.09,130.76,3
07-11-2023,109.5,0,116.36,109.12,3
08-11-2023,138.53,0,109.5,124.3,3
09-11-2023,120.09,0,138.53,112.93,3
10-11-2023,120.62,0,120.09,111.39,3
11-11-2023,136.22,0,120.62,121.77,3
12-11-2023,128.32,0,136.22,119.27,3
13-11-2023,127.14,0,128.32,96.81,3
14-11-2023,144.05,0,127.14,127.16,3
15-11-2023,115.8,0,144.05,126.03,3
16-11-2023,131.35,0,115.8,105.81,3
17-11-2023,122.48,0,131.35,115.86,3
18-11-2023,124.44,0,122.48,116.69,3
19-11-2023,136.89,0,124.44,114.21,3
20-11-2023,126.54,0,136.89,105.96,3
21-11-2023,126.71,0,126.54,104.6,3
22-11-2023,131.92,0,126.71,110.93,3
23-11-2023,117.41,0,131.92,122.79,3
24-11-2023,112.55,0,117.41,116.37,3
25-11-2023,110.37,1,112.55,107.11,3
26-11-2023,101.05,1,110.37,118.42,3
27-11-2023,141.17,0,101.05,82.11,3
28-11-2023,109.47,0,141.17,121.99,3
29-11-2023,118.19,0,109.47,93,3
30-11-2023,117.55,0,118.19,106.69,3
01-12-2023,123.31,0,117.55,99.03,0
02-12-2023,128.31,0,123.31,97.2,0
03-12-2023,128.68,0,128.31,121.68,0
04-12-2023,114.18,0,128.68,105.33,0
05-12-2023,118.28,0,114.18,113.41,0
06-12-2023,122.72,0,118.28,109.42,0
07-12-2023,117.36,0,122.72,114.61,0
08-12-2023,135.87,0,117.36,110.56,0
09-12-2023,124.67,0,135.87,96.92,0
10-12-2023,127.08,0,124.67,119.68,0
11-12-2023,126.33,0,127.08,104.76,0
12-12-2023,131.41,0,126.33,94.11,0
13-12-2023,121.47,0,131.41,105.38,0
14-12-2023,106.69,0,121.47,124.66,0
15-12-2023,123.65,0,106.69,118.15,0
16-12-2023,113.14,0,123.65,106.16,0
17-12-2023,114.37,0,113.14,106.16,0
18-12-2023,125.54,0,114.37,106.45,0
19-12-2023,132.08,0,125.54,130.46,0
20-12-2023,119.93,0,132.08,113.53,0
21-12-2023,122.84,0,119.93,114.05,0
22-12-2023,136.81,0,122.84,120.09,0
23-12-2023,122.24,0,136.81,112.22,0
24-12-2023,145.9,0,122.24,107.29,0
25-12-2023,125.59,1,145.9,107.97,0
26-12-2023,102.39,0,125.59,109.28,0
27-12-2023,127.6,0,102.39,109.69,0
28-12-2023,123.95,0,127.6,117.41,0
29-12-2023,133.12,0,123.95,110.73,0
30-12-2023,127.04,0,133.12,117.63,0
31-12-2023,119.01,0,127.04,109.58,0
01-01-2024,108.25,1,119.01,111.27,0
02-01-2024,118.5,0,108.25,90.61,0
03-01-2024,112.2,0,118.5,119.86,0
04-01-2024,115.01,0,112.2,114.28,0
05-01-2024,126.82,0,115.01,120.91,0
06-01-2024,137.76,0,126.82,82.09,0
07-01-2024,125.14,0,137.76,132.07,0
08-01-2024,109.37,0,125.14,109.93,0
09-01-2024,125.92,0,109.37,122.55,0
10-01-2024,133.59,0,125.92,101.21,0
11-01-2024,115.67,0,133.59,117.89,0
12-01-2024,120.59,0,115.67,101.39,0
13-01-2024,122.24,0,120.59,105.85,0
14-01-2024,114.42,0,122.24,131.4,0
15-01-2024,128.92,0,114.42,110.53,0
16-01-2024,121.41,0,128.92,114.79,0
17-01-2024,127,0,121.41,121.5,0
18-01-2024,114.12,0,127,117.95,0
19-01-2024,118.82,0,114.12,114.69,0
20-01-2024,130.62,0,118.82,117.04,0
21-01-2024,119.87,0,130.62,137.63,0
22-01-2024,141.08,0,119.87,113.23,0
23-01-2024,120.03,0,141.08,116.03,0
24-01-2024,126.5,0,120.03,124.75,0
25-01-2024,133.8,0,126.5,125.53,0
26-01-2024,110.52,0,133.8,126.57,0
27-01-2024,107.34,0,110.52,121.32,0
28-01-2024,109.93,0,107.34,103.75,0
29-01-2024,138.05,0,109.93,131.76,0
30-01-2024,120.16,0,138.05,104.21,0
31-01-2024,151.51,0,120.16,118.95,0
01-02-2024,120.55,0,151.51,108.64,0
02-02-2024,128.3,0,120.55,115.81,0
03-02-2024,142.14,0,128.3,120,0
04-02-2024,147.05,0,142.14,120.2,0
05-02-2024,147.88,0,147.05,121.48,0
06-02-2024,139.63,0,147.88,133.68,0
07-02-2024,138.07,0,139.63,122.36,0
08-02-2024,134.04,0,138.07,115.67,0
09-02-2024,136.19,0,134.04,128.05,0
10-02-2024,123.19,0,136.19,130.59,0
11-02-2024,120.82,0,123.19,106.72,0
12-02-2024,129.27,0,120.82,125.27,0
13-02-2024,127.91,0,129.27,126.62,0
14-02-2024,125.39,0,127.91,116.94,0
15-02-2024,137.2,0,125.39,133.99,0
16-02-2024,140.1,0,137.2,119.04,0
17-02-2024,131.75,0,140.1,122.12,0
18-02-2024,145.97,0,131.75,119.46,0
19-02-2024,120.1,0,145.97,121.67,0
20-02-2024,129.91,0,120.1,110.88,0
21-02-2024,125.01,0,129.91,107.77,0
22-02-2024,113.84,0,125.01,138.45,0
23-02-2024,132.02,0,113.84,114.37,0
24-02-2024,131.97,0,132.02,113.27,0
25-02-2024,148.66,0,131.97,101.99,0
26-02-2024,140.18,0,148.66,117.48,0
27-02-2024,123.98,0,140.18,110.98,0
28-02-2024,153.11,0,123.98,140.98,0
29-02-2024,147.13,0,153.11,135.01,0
01-03-2024,141.09,0,147.13,118.38,1
02-03-2024,133.36,0,141.09,148.14,1
03-03-2024,126.38,0,133.36,135.79,1
04-03-2024,132.62,0,126.38,123.08,1
05-03-2024,147.58,0,132.62,101.7,1
06-03-2024,155.9,0,147.58,149.96,1
07-03-2024,152.85,0,155.9,113.52,1
08-03-2024,132.9,0,152.85,111.32,1
09-03-2024,126.95,0,132.9,138.37,1
10-03-2024,139.92,0,126.95,152.91,1
11-03-2024,121.2,0,139.92,142.72,1
12-03-2024,142.48,0,121.2,134.88,1
13-03-2024,138.14,0,142.48,135.56,1
14-03-2024,135.33,0,138.14,138.52,1
15-03-2024,124.41,0,135.33,137.94,1
16-03-2024,145.87,0,124.41,133.54,1
17-03-2024,135.77,0,145.87,132.14,1
18-03-2024,129.77,0,135.77,130.84,1
19-03-2024,113.12,0,129.77,124.3,1
20-03-2024,141.94,0,113.12,129.4,1
21-03-2024,160.31,0,141.94,115.65,1
22-03-2024,159.57,0,160.31,131.97,1
23-03-2024,138.76,0,159.57,123.44,1
24-03-2024,137.68,0,138.76,122.66,1
25-03-2024,148.76,0,137.68,135.86,1
26-03-2024,134.46,0,148.76,148.36,1
27-03-2024,147.83,0,134.46,143.99,1
28-03-2024,152.84,0,147.83,119.47,1
29-03-2024,157.82,0,152.84,125.65,1
30-03-2024,144.91,0,157.82,145.32,1
31-03-2024,144.24,0,144.91,126.45,1
01-04-2024,137.87,0,144.24,134.39,1
02-04-2024,138.74,0,137.87,142.5,1
03-04-2024,145.11,0,138.74,127.68,1
04-04-2024,151.41,1,145.11,138.78,1
05-04-2024,157.23,0,151.41,124.75,1
06-04-2024,140.42,0,157.23,132.43,1
07-04-2024,163.73,0,140.42,142,1
08-04-2024,146.45,0,163.73,123.23,1
09-04-2024,149.3,0,146.45,143.91,1
10-04-2024,142.39,0,149.3,139.66,1
11-04-2024,125.97,0,142.39,145.73,1
12-04-2024,159.4,0,125.97,142.79,1
13-04-2024,158.27,0,159.4,154.54,1
14-04-2024,148.43,0,158.27,142.49,1
15-04-2024,152.25,0,148.43,137.28,1
16-04-2024,157.08,0,152.25,143.14,1
17-04-2024,136.63,0,157.08,147.68,1
18-04-2024,147.29,0,136.63,143.07,1
19-04-2024,160.86,0,147.29,143.31,1
20-04-2024,140.7,0,160.86,136.21,1
21-04-2024,156.5,0,140.7,136.93,1
22-04-2024,140.31,0,156.5,129.85,1
23-04-2024,158.86,0,140.31,161.69,1
24-04-2024,154.15,0,158.86,132.06,1
25-04-2024,138.67,0,154.15,137.88,1
26-04-2024,166.77,0,138.67,137.93,1
27-04-2024,148.08,0,166.77,154.37,1
28-04-2024,147.62,0,148.08,142.77,1
29-04-2024,158.03,0,147.62,158.49,1
30-04-2024,167.8,0,158.03,139.57,1
01-05-2024,146.44,0,167.8,149.38,1
02-05-2024,157.5,0,146.44,138.52,1
03-05-2024,161.45,0,157.5,168.61,1
04-05-2024,164.37,0,161.45,135.56,1
05-05-2024,159.47,0,164.37,150.8,1
06-05-2024,154.31,0,159.47,154.31,1
07-05-2024,149.96,0,154.31,152.37,1
08-05-2024,159.36,0,149.96,146.64,1
09-05-2024,148.03,0,159.36,147.45,1
10-05-2024,129.79,0,148.03,149.43,1
11-05-2024,163.61,0,129.79,147.77,1
12-05-2024,168.53,0,163.61,159.12,1
13-05-2024,136.09,0,168.53,171.82,1
14-05-2024,149.86,0,136.09,144.37,1
15-05-2024,166.37,0,149.86,136.48,1
16-05-2024,180.98,0,166.37,149.51,1
17-05-2024,160.83,0,180.98,176.41,1
18-05-2024,153.55,0,160.83,142.79,1
19-05-2024,159.21,0,153.55,167.42,1
20-05-2024,174.98,0,159.21,168.01,1
21-05-2024,154.97,0,174.98,145.89,1
22-05-2024,153.63,0,154.97,157.31,1
23-05-2024,156.98,0,153.63,168.09,1
24-05-2024,152.46,0,156.98,148.19,1
25-05-2024,163.39,0,152.46,150.12,1
26-05-2024,178.58,0,163.39,146.51,1
27-05-2024,165.73,0,178.58,142.35,1
28-05-2024,160.13,0,165.73,146.16,1
29-05-2024,159.89,0,160.13,140.57,1
30-05-2024,147.33,0,159.89,153.29,1
31-05-2024,171.93,0,147.33,145.4,1
01-06-2024,162.46,0,171.93,155.57,2
02-06-2024,161.56,0,162.46,137.8,2
03-06-2024,195.42,0,161.56,156.8,2
04-06-2024,166.6,0,195.42,161.94,2
05-06-2024,156.21,0,166.6,133.78,2
06-06-2024,159.57,0,156.21,157.57,2
07-06-2024,175.42,0,159.57,166.21,2
08-06-2024,165.17,0,175.42,141.93,2
09-06-2024,149.74,0,165.17,170.85,2
10-06-2024,173.4,0,149.74,158.39,2
11-06-2024,157.61,0,173.4,147.23,2
12-06-2024,183.09,0,157.61,153.8,2
13-06-2024,175.23,0,183.09,160.01,2
14-06-2024,160.02,0,175.23,155.25,2
15-06-2024,177.36,0,160.02,159.93,2
16-06-2024,165.27,0,177.36,145.38,2
17-06-2024,173.17,0,165.27,156.33,2
18-06-2024,169.52,0,173.17,140.53,2
19-06-2024,156.25,0,169.52,153.59,2
20-06-2024,158.3,0,156.25,145.69,2
21-06-2024,175.05,0,158.3,147.39,2
22-06-2024,161.42,0,175.05,167.12,2
23-06-2024,160.74,0,161.42,165.69,2
24-06-2024,155.23,0,160.74,160.87,2
25-06-2024,169.01,0,155.23,143.85,2
26-06-2024,185.39,0,169.01,151.6,2
27-06-2024,154.08,0,185.39,166.88,2
28-06-2024,164.97,0,154.08,156.14,2
29-06-2024,178.82,0,164.97,177.89,2
30-06-2024,163.87,0,178.82,158.6,2
01-07-2024,169.15,0,163.87,156.55,2
02-07-2024,153.96,0,169.15,151.49,2
03-07-2024,168.82,0,153.96,155.87,2
04-07-2024,162.61,1,168.82,152.95,2
05-07-2024,174.27,0,162.61,161.49,2
06-07-2024,176.22,0,174.27,163.91,2
07-07-2024,190.17,0,176.22,146.41,2
08-07-2024,169.99,0,190.17,140.88,2
09-07-2024,167.37,0,169.99,135.75,2
10-07-2024,165.97,0,167.37,159.1,2
11-07-2024,160.4,0,165.97,142.89,2
12-07-2024,167.21,0,160.4,132.29,2
13-07-2024,160.76,0,167.21,157.6,2
14-07-2024,165.29,0,160.76,178.53,2
15-07-2024,176.67,0,165.29,153.42,2
16-07-2024,153.3,0,176.67,161.75,2
17-07-2024,174.64,0,153.3,154.05,2
18-07-2024,176.28,0,174.64,152.11,2
19-07-2024,161.79,0,176.28,162.15,2
20-07-2024,141.6,0,161.79,149.91,2
21-07-2024,156.59,0,141.6,155.34,2
22-07-2024,175.49,0,156.59,155.73,2
23-07-2024,162.13,0,175.49,145.67,2
24-07-2024,152.2,0,162.13,162.11,2
25-07-2024,156.98,0,152.2,150.27,2
26-07-2024,170.26,0,156.98,144.29,2
27-07-2024,167.14,0,170.26,157.03,2
28-07-2024,159.1,0,167.14,142.5,2
29-07-2024,157.64,0,159.1,151.58,2
30-07-2024,157.19,0,157.64,151.01,2
31-07-2024,151.69,0,157.19,161.77,2
01-08-2024,176.87,0,151.69,155.45,2
02-08-2024,157.28,0,176.87,150.25,2
03-08-2024,172.47,0,157.28,158.47,2
04-08-2024,175.3,0,172.47,163.98,2
05-08-2024,169.85,0,175.3,155.44,2
06-08-2024,155.32,0,169.85,149.74,2
07-08-2024,163.45,0,155.32,136.29,2
08-08-2024,158.94,0,163.45,138.53,2
09-08-2024,149.91,0,158.94,145.89,2
10-08-2024,161.95,0,149.91,142.61,2
11-08-2024,146.68,0,161.95,146.59,2
12-08-2024,170.1,0,146.68,148.78,2
13-08-2024,153.33,0,170.1,153.26,2
14-08-2024,159.73,0,153.33,147.01,2
15-08-2024,160.3,0,159.73,152.32,2
16-08-2024,154.62,0,160.3,147.84,2
17-08-2024,162.81,0,154.62,127.18,2
18-08-2024,151.93,0,162.81,137.28,2
19-08-2024,165.12,0,151.93,144.96,2
20-08-2024,142.67,0,165.12,134.03,2
21-08-2024,157.12,0,142.67,151.85,2
22-08-2024,174.97,0,157.12,160.88,2
23-08-2024,145.3,0,174.97,157.48,2
24-08-2024,148.24,0,145.3,142.88,2
25-08-2024,159.87,0,148.24,159.63,2
26-08-2024,156.24,0,159.87,145.93,2
27-08-2024,157.66,0,156.24,140.78,2
28-08-2024,158.75,0,157.66,137.72,2
29-08-2024,159.92,0,158.75,140.54,2
30-08-2024,164.37,0,159.92,139.38,2
31-08-2024,157.07,0,164.37,144.67,2
01-09-2024,150.26,0,157.07,144.27,3
02-09-2024,159.1,0,150.26,142.39,3
03-09-2024,171.06,0,159.1,146.43,3
04-09-2024,150.43,0,171.06,153.66,3
05-09-2024,141.71,0,150.43,150.94,3
06-09-2024,162.22,0,141.71,126.29,3
07-09-2024,149.63,0,162.22,115.29,3
08-09-2024,128.8,0,149.63,149.86,3
09-09-2024,158.69,0,128.8,126.54,3
10-09-2024,144.55,0,158.69,137.65,3
11-09-2024,148.68,0,144.55,127.88,3
12-09-2024,152.59,0,148.68,121.25,3
13-09-2024,150.86,0,152.59,144.37,3
14-09-2024,155.74,0,150.86,146.23,3
15-09-2024,143.97,0,155.74,132.56,3
16-09-2024,153.14,0,143.97,112.09,3
17-09-2024,145.1,0,153.14,132.22,3
18-09-2024,154.76,0,145.1,141.29,3
19-09-2024,153.21,0,154.76,122.26,3
20-09-2024,137.39,0,153.21,138.57,3
21-09-2024,157.29,0,137.39,136.27,3
22-09-2024,140.75,0,157.29,141.9,3
23-09-2024,153.87,0,140.75,136.98,3
24-09-2024,149.15,0,153.87,125.74,3
25-09-2024,163.54,0,149.15,147.12,3
26-09-2024,142.61,0,163.54,133.26,3
27-09-2024,141.04,0,142.61,134.26,3
28-09-2024,144.03,0,141.04,124.88,3
29-09-2024,140.88,0,144.03,129.47,3
30-09-2024,151.6,0,140.88,124.75,3
01-10-2024,127.13,0,151.6,131.55,3
02-10-2024,132.44,0,127.13,150.09,3
03-10-2024,132,0,132.44,118.95,3
04-10-2024,151.87,0,132,116.23,3
05-10-2024,159.17,0,151.87,146.77,3
06-10-2024,140.72,0,159.17,129.66,3
07-10-2024,139.77,0,140.72,124.77,3
08-10-2024,141.86,0,139.77,141.56,3
09-10-2024,152.49,0,141.86,124.81,3
10-10-2024,131.3,0,152.49,148.83,3
11-10-2024,142.66,0,131.3,137.05,3
12-10-2024,149.74,0,142.66,125.11,3
13-10-2024,144.71,0,149.74,151.27,3
14-10-2024,141.31,0,144.71,123.35,3
15-10-2024,149.14,0,141.31,136.55,3
16-10-2024,111.82,0,149.14,131.84,3
17-10-2024,145.35,0,111.82,141.59,3
18-10-2024,131.76,0,145.35,143.91,3
19-10-2024,119.72,0,131.76,128.34,3
20-10-2024,142.87,0,119.72,120.22,3
21-10-2024,151.23,0,142.87,132.09,3
22-10-2024,135.86,0,151.23,120.45,3
23-10-2024,146.5,0,135.86,147.1,3
24-10-2024,152.84,0,146.5,128.08,3
25-10-2024,149.61,0,152.84,122.8,3
26-10-2024,152.61,0,149.61,128.05,3
27-10-2024,143.39,0,152.61,112.49,3
28-10-2024,136.48,0,143.39,116,3
29-10-2024,119.47,0,136.48,137.49,3
30-10-2024,132.79,0,119.47,118.68,3
31-10-2024,126.59,1,132.79,114.55,3
01-11-2024,156.5,0,126.59,130.16,3
02-11-2024,132.81,0,156.5,136.42,3
03-11-2024,135.59,0,132.81,131.54,3
04-11-2024,139.65,0,135.59,134.09,3
05-11-2024,134.36,0,139.65,116.36,3
06-11-2024,150.67,0,134.36,109.5,3
07-11-2024,127.29,0,150.67,138.53,3
08-11-2024,135.27,0,127.29,120.09,3
09-11-2024,125.71,0,135.27,120.62,3
10-11-2024,119.74,0,125.71,136.22,3
11-11-2024,126.64,0,119.74,128.32,3
12-11-2024,132.21,0,126.64,127.14,3
13-11-2024,128.12,0,132.21,144.05,3
14-11-2024,125.32,0,128.12,115.8,3
15-11-2024,118.01,0,125.32,131.35,3
16-11-2024,131.09,0,118.01,122.48,3
17-11-2024,116.72,0,131.09,124.44,3
18-11-2024,139.21,0,116.72,136.89,3
19-11-2024,132.29,0,139.21,126.54,3
20-11-2024,116.76,0,132.29,126.71,3
21-11-2024,128.11,0,116.76,131.92,3
22-11-2024,123.55,0,128.11,117.41,3
23-11-2024,134.14,0,123.55,112.55,3
24-11-2024,144.23,0,134.14,110.37,3
25-11-2024,111.96,1,144.23,101.05,3
26-11-2024,131.76,1,111.96,141.17,3
27-11-2024,128.91,0,131.76,109.47,3
28-11-2024,137.13,0,128.91,118.19,3
29-11-2024,132.45,0,137.13,117.55,3
30-11-2024,122.72,0,132.45,123.31,3
01-12-2024,126.97,0,122.72,128.31,0
02-12-2024,122.13,0,126.97,128.68,0
03-12-2024,140.78,0,122.13,114.18,0
04-12-2024,130.17,0,140.78,118.28,0
05-12-2024,148.91,0,130.17,122.72,0
06-12-2024,129.24,0,148.91,117.36,0
07-12-2024,122.72,0,129.24,135.87,0
08-12-2024,114.63,0,122.72,124.67,0
09-12-2024,111.7,0,114.63,127.08,0
10-12-2024,113.86,0,111.7,126.33,0
11-12-2024,132.36,0,113.86,131.41,0
12-12-2024,134.76,0,132.36,121.47,0
13-12-2024,113.85,0,134.76,106.69,0
14-12-2024,138.61,0,113.85,123.65,0
15-12-2024,124.83,0,138.61,113.14,0
16-12-2024,131.13,0,124.83,114.37,0
17-12-2024,145.8,0,131.13,125.54,0
18-12-2024,138.67,0,145.8,132.08,0
19-12-2024,127.04,0,138.67,119.93,0
20-12-2024,120.85,0,127.04,122.84,0
21-12-2024,108.28,0,120.85,136.81,0
22-12-2024,122.65,0,108.28,122.24,0
23-12-2024,127.78,0,122.65,145.9,0
24-12-2024,120.07,0,127.78,125.59,0
25-12-2024,128.69,1,120.07,102.39,0
26-12-2024,130.84,0,128.69,127.6,0
27-12-2024,127.9,0,130.84,123.95,0
28-12-2024,123.73,0,127.9,133.12,0
29-12-2024,132,0,123.73,127.04,0
30-12-2024,145,0,132,117.63,0
31-12-2024,139,0,145,109.58,0
